2026-08-23T11:12:00,1.4803
2026-08-23T11:13:00,1.4802
2026-08-23T11:14:00,1.4797
2026-08-23T11:15:00,1.4802
2026-08-23T11:16:00,1.4808
2026-08-23T11:17:00,1.4801
2026-08-23T11:18:00,1.4812
2026-08-23T11:19:00,1.4832
2026-08-23T11:20:00,1.4911
2026-08-23T11:21:00,1.4945
2026-08-23T11:22:00,1.4946
2026-08-23T11:23:00,1.495
2026-08-23T11:24:00,1.5001
2026-08-23T11:25:00,1.4991
2026-08-23T11:26:00,1.498
2026-08-23T11:27:00,1.4958
2026-08-23T11:28:00,1.4934
2026-08-23T11:29:00,1.4929
2026-08-23T11:30:00,1.4936
2026-08-23T11:31:00,1.4961
2026-08-23T11:32:00,1.4952
2026-08-23T11:33:00,1.4978
2026-08-23T11:34:00,1.4976
2026-08-23T11:35:00,1.4961
2026-08-23T11:36:00,1.4971
2026-08-23T11:37:00,1.4939
2026-08-23T11:38:00,1.4984
2026-08-23T11:39:00,1.5025
2026-08-23T11:40:00,1.4996
2026-08-23T11:41:00,1.4973
2026-08-23T11:42:00,1.4985
2026-08-23T11:43:00,1.4973
2026-08-23T11:44:00,1.4984
2026-08-23T11:45:00,1.4988
2026-08-23T11:46:00,1.4987
2026-08-23T11:47:00,1.4967
2026-08-23T11:48:00,1.4951
2026-08-23T11:49:00,1.4958
2026-08-23T11:50:00,1.4966
2026-08-23T11:51:00,1.4955
2026-08-23T11:52:00,1.4974
2026-08-23T11:53:00,1.4986
2026-08-23T11:54:00,1.4989
2026-08-23T11:55:00,1.4995
2026-08-23T11:56:00,1.496
2026-08-23T11:57:00,1.4954
2026-08-23T11:58:00,1.4944
2026-08-23T11:59:00,1.494
2026-08-23T12:00:00,1.4959
2026-08-23T12:01:00,1.4953
2026-08-23T12:02:00,1.4954
2026-08-23T12:03:00,1.4941
2026-08-23T12:04:00,1.4926
2026-08-23T12:05:00,1.4918
2026-08-23T12:06:00,1.4854
2026-08-23T12:07:00,1.4871
2026-08-23T12:08:00,1.49
2026-08-23T12:09:00,1.4918
2026-08-23T12:10:00,1.4883
2026-08-23T12:11:00,1.4863
2026-08-23T12:12:00,1.4878
2026-08-23T12:13:00,1.4883
2026-08-23T12:14:00,1.4904
2026-08-23T12:15:00,1.4893
2026-08-23T12:16:00,1.4906
2026-08-23T12:17:00,1.4897
2026-08-23T12:18:00,1.4887
2026-08-23T12:19:00,1.4888
2026-08-23T12:20:00,1.4923
2026-08-23T12:21:00,1.4939
2026-08-23T12:22:00,1.4923
2026-08-23T12:23:00,1.4922
2026-08-23T12:24:00,1.4913
2026-08-23T12:25:00,1.4895
2026-08-23T12:26:00,1.4884
2026-08-23T12:27:00,1.4872
2026-08-23T12:28:00,1.4893
2026-08-23T12:29:00,1.4887
2026-08-23T12:30:00,1.4921
2026-08-23T12:31:00,1.494
2026-08-23T12:32:00,1.4935
2026-08-23T12:33:00,1.4936
2026-08-23T12:34:00,1.4922
2026-08-23T12:35:00,1.4934
2026-08-23T12:36:00,1.4937
2026-08-23T12:37:00,1.4938
2026-08-23T12:38:00,1.4926
2026-08-23T12:39:00,1.4961
2026-08-23T12:40:00,1.4975
2026-08-23T12:41:00,1.4971
2026-08-23T12:42:00,1.497
2026-08-23T12:43:00,1.4981
2026-08-23T12:44:00,1.4982
2026-08-23T12:45:00,1.4949
2026-08-23T12:46:00,1.4974
2026-08-23T12:47:00,1.4955
2026-08-23T12:48:00,1.4945
2026-08-23T12:49:00,1.4942
2026-08-23T12:50:00,1.4959
2026-08-23T12:51:00,1.4951
2026-08-23T12:52:00,1.4935
2026-08-23T12:53:00,1.4916
2026-08-23T12:54:00,1.4918
2026-08-23T12:55:00,1.4944
2026-08-23T12:56:00,1.4924
2026-08-23T12:57:00,1.494
2026-08-23T12:58:00,1.4942
2026-08-23T12:59:00,1.4941
2026-08-23T13:00:00,1.4955
2026-08-23T13:01:00,1.496
2026-08-23T13:02:00,1.4957
2026-08-23T13:03:00,1.4948
2026-08-23T13:04:00,1.4953
2026-08-23T13:05:00,1.4972
2026-08-23T13:06:00,1.499
2026-08-23T13:07:00,1.4992
2026-08-23T13:08:00,1.4987
2026-08-23T13:09:00,1.5
2026-08-23T13:10:00,1.5011
2026-08-23T13:11:00,1.4993
2026-08-23T13:12:00,1.5017
2026-08-23T13:13:00,1.5004
2026-08-23T13:14:00,1.5012
2026-08-23T13:15:00,1.5008
2026-08-23T13:16:00,1.498
2026-08-23T13:17:00,1.5017
2026-08-23T13:18:00,1.5091
2026-08-23T13:19:00,1.5177
2026-08-23T13:20:00,1.5171
2026-08-23T13:21:00,1.5122
2026-08-23T13:22:00,1.5153
2026-08-23T13:23:00,1.5147
2026-08-23T13:24:00,1.5113
2026-08-23T13:25:00,1.5082
2026-08-23T13:26:00,1.5096
2026-08-23T13:27:00,1.5071
2026-08-23T13:28:00,1.5059
2026-08-23T13:29:00,1.5045
2026-08-23T13:30:00,1.5078
2026-08-23T13:31:00,1.5076
2026-08-23T13:32:00,1.5067
2026-08-23T13:33:00,1.5082
2026-08-23T13:34:00,1.5048
2026-08-23T13:35:00,1.5046
2026-08-23T13:36:00,1.5107
2026-08-23T13:37:00,1.5113
2026-08-23T13:38:00,1.5148
2026-08-23T13:39:00,1.5163
2026-08-23T13:40:00,1.5154
2026-08-23T13:41:00,1.5148
2026-08-23T13:42:00,1.5136
2026-08-23T13:43:00,1.513
2026-08-23T13:44:00,1.5149
2026-08-23T13:45:00,1.5153
2026-08-23T13:46:00,1.5188
2026-08-23T13:47:00,1.5205
2026-08-23T13:48:00,1.5206
2026-08-23T13:49:00,1.5162
2026-08-23T13:50:00,1.5186
2026-08-23T13:51:00,1.5156
2026-08-23T13:52:00,1.5165
2026-08-23T13:53:00,1.5194
2026-08-23T13:54:00,1.5205
2026-08-23T13:55:00,1.5192
2026-08-23T13:56:00,1.5212
2026-08-23T13:57:00,1.5212
2026-08-23T13:58:00,1.5207
2026-08-23T13:59:00,1.5198
2026-08-23T14:00:00,1.5205
2026-08-23T14:01:00,1.5222
2026-08-23T14:02:00,1.5263
2026-08-23T14:03:00,1.5242
2026-08-23T14:04:00,1.5263
2026-08-23T14:05:00,1.5262
2026-08-23T14:06:00,1.5231
2026-08-23T14:07:00,1.5207
2026-08-23T14:08:00,1.5261
2026-08-23T14:09:00,1.5247
2026-08-23T14:10:00,1.5295
2026-08-23T14:11:00,1.5315
2026-08-23T14:12:00,1.5371
2026-08-23T14:13:00,1.5454
2026-08-23T14:14:00,1.5494
2026-08-23T14:15:00,1.5438
2026-08-23T14:16:00,1.5448
2026-08-23T14:17:00,1.5407
2026-08-23T14:18:00,1.5346
2026-08-23T14:19:00,1.5353
2026-08-23T14:20:00,1.5395
2026-08-23T14:21:00,1.5376
2026-08-23T14:22:00,1.532
2026-08-23T14:23:00,1.5307
2026-08-23T14:24:00,1.5275
2026-08-23T14:25:00,1.5291
2026-08-23T14:26:00,1.5275
2026-08-23T14:27:00,1.5274
2026-08-23T14:28:00,1.5275
2026-08-23T14:29:00,1.5263
2026-08-23T14:30:00,1.5286
2026-08-23T14:31:00,1.5299
2026-08-23T14:32:00,1.5278
2026-08-23T14:33:00,1.5347
2026-08-23T14:34:00,1.5342
2026-08-23T14:35:00,1.5378
2026-08-23T14:36:00,1.5397
2026-08-23T14:37:00,1.5411
2026-08-23T14:38:00,1.5416
2026-08-23T14:39:00,1.5336
2026-08-23T14:40:00,1.5354
2026-08-23T14:41:00,1.532
2026-08-23T14:42:00,1.4683
2026-08-23T14:43:00,1.4992
2026-08-23T14:44:00,1.4977
2026-08-23T14:45:00,1.5036
2026-08-23T14:46:00,1.5077
2026-08-23T14:47:00,1.5083
2026-08-23T14:48:00,1.5119
2026-08-23T14:49:00,1.5119
2026-08-23T14:50:00,1.5158
2026-08-23T14:51:00,1.514
2026-08-23T14:52:00,1.5166
2026-08-23T14:53:00,1.5153
2026-08-23T14:54:00,1.5193
2026-08-23T14:55:00,1.5122
2026-08-23T14:56:00,1.5135
2026-08-23T14:57:00,1.5179
2026-08-23T14:58:00,1.5152
2026-08-23T14:59:00,1.5153
2026-08-23T15:00:00,1.507
2026-08-23T15:01:00,1.5136
2026-08-23T15:02:00,1.5096
2026-08-23T15:03:00,1.5109
2026-08-23T15:04:00,1.5136
2026-08-23T15:05:00,1.5151
2026-08-23T15:06:00,1.5124
2026-08-23T15:07:00,1.5109
2026-08-23T15:08:00,1.5082
2026-08-23T15:09:00,1.5091
2026-08-23T15:10:00,1.5088
2026-08-23T15:11:00,1.5028
2026-08-23T15:12:00,1.5004
2026-08-23T15:13:00,1.4981
2026-08-23T15:14:00,1.4983
2026-08-23T15:15:00,1.4958
2026-08-23T15:16:00,1.4942
2026-08-23T15:17:00,1.498
2026-08-23T15:18:00,1.4959
2026-08-23T15:19:00,1.4914
2026-08-23T15:20:00,1.4952
2026-08-23T15:21:00,1.4985
2026-08-23T15:22:00,1.4996
2026-08-23T15:23:00,1.496
2026-08-23T15:24:00,1.5006
2026-08-23T15:25:00,1.5016
2026-08-23T15:26:00,1.5025
2026-08-23T15:27:00,1.5046
2026-08-23T15:28:00,1.5023
2026-08-23T15:29:00,1.5035
2026-08-23T15:30:00,1.5029
2026-08-23T15:31:00,1.504
2026-08-23T15:32:00,1.4984
2026-08-23T15:33:00,1.4971
2026-08-23T15:34:00,1.4978
2026-08-23T15:35:00,1.5019
2026-08-23T15:36:00,1.5026
2026-08-23T15:37:00,1.5038
2026-08-23T15:38:00,1.5043
2026-08-23T15:39:00,1.5069
2026-08-23T15:40:00,1.5091
2026-08-23T15:41:00,1.5061
2026-08-23T15:42:00,1.5046
2026-08-23T15:43:00,1.5069
2026-08-23T15:44:00,1.5078
2026-08-23T15:45:00,1.5051
2026-08-23T15:46:00,1.5069
2026-08-23T15:47:00,1.5078
2026-08-23T15:48:00,1.5066
2026-08-23T15:49:00,1.5044
2026-08-23T15:50:00,1.5042
2026-08-23T15:51:00,1.5057
2026-08-23T15:52:00,1.5041
2026-08-23T15:53:00,1.5027
2026-08-23T15:54:00,1.5004
2026-08-23T15:55:00,1.5018
2026-08-23T15:56:00,1.501
2026-08-23T15:57:00,1.4963
2026-08-23T15:58:00,1.4948
2026-08-23T15:59:00,1.4961
2026-08-23T16:00:00,1.4983
2026-08-23T16:01:00,1.501
2026-08-23T16:02:00,1.4993
2026-08-23T16:03:00,1.5015
2026-08-23T16:04:00,1.5019
2026-08-23T16:05:00,1.5011
2026-08-23T16:06:00,1.499
2026-08-23T16:07:00,1.4956
2026-08-23T16:08:00,1.4982
2026-08-23T16:09:00,1.4956
2026-08-23T16:10:00,1.4997
2026-08-23T16:11:00,1.4997
2026-08-23T16:12:00,1.5006
2026-08-23T16:13:00,1.5036
2026-08-23T16:14:00,1.5039
2026-08-23T16:15:00,1.5001
2026-08-23T16:16:00,1.5013
2026-08-23T16:17:00,1.4987
2026-08-23T16:18:00,1.4973
2026-08-23T16:19:00,1.4962
2026-08-23T16:20:00,1.4986
2026-08-23T16:21:00,1.5015
2026-08-23T16:22:00,1.498
2026-08-23T16:23:00,1.4983
2026-08-23T16:24:00,1.4984
2026-08-23T16:25:00,1.4982
2026-08-23T16:26:00,1.4979
2026-08-23T16:27:00,1.4965
2026-08-23T16:28:00,1.4949
2026-08-23T16:29:00,1.4971
2026-08-23T16:30:00,1.4954
2026-08-23T16:31:00,1.4982
2026-08-23T16:32:00,1.4999
2026-08-23T16:33:00,1.5064
2026-08-23T16:34:00,1.5101
2026-08-23T16:35:00,1.5081
2026-08-23T16:36:00,1.5069
2026-08-23T16:37:00,1.5043
2026-08-23T16:38:00,1.5046
2026-08-23T16:39:00,1.5042
2026-08-23T16:40:00,1.5055
2026-08-23T16:41:00,1.5056
2026-08-23T16:42:00,1.5049
2026-08-23T16:43:00,1.5046
2026-08-23T16:44:00,1.5031
2026-08-23T16:45:00,1.5025
2026-08-23T16:46:00,1.5058
2026-08-23T16:47:00,1.5057
2026-08-23T16:48:00,1.5045
2026-08-23T16:49:00,1.5046
2026-08-23T16:50:00,1.5055
2026-08-23T16:51:00,1.5088
2026-08-23T16:52:00,1.5065
2026-08-23T16:53:00,1.5063
2026-08-23T16:54:00,1.5051
2026-08-23T16:55:00,1.5053
2026-08-23T16:56:00,1.5051
2026-08-23T16:57:00,1.5064
2026-08-23T16:58:00,1.5057
2026-08-23T16:59:00,1.5067
2026-08-23T17:00:00,1.5118
2026-08-23T17:01:00,1.5093
2026-08-23T17:02:00,1.5061
2026-08-23T17:03:00,1.5047
2026-08-23T17:04:00,1.507
2026-08-23T17:05:00,1.5116
2026-08-23T17:06:00,1.5125
2026-08-23T17:07:00,1.5103
2026-08-23T17:08:00,1.5151
2026-08-23T17:09:00,1.5153
2026-08-23T17:10:00,1.513
2026-08-23T17:11:00,1.5122
2026-08-23T17:12:00,1.5147
2026-08-23T17:13:00,1.5173
2026-08-23T17:14:00,1.5174
2026-08-23T17:15:00,1.512
2026-08-23T17:16:00,1.5124
2026-08-23T17:17:00,1.5151
2026-08-23T17:18:00,1.5202
2026-08-23T17:19:00,1.52
2026-08-23T17:20:00,1.5177
2026-08-23T17:21:00,1.5188
2026-08-23T17:22:00,1.5233
2026-08-23T17:23:00,1.5187
2026-08-23T17:24:00,1.5161
2026-08-23T17:25:00,1.5159
2026-08-23T17:26:00,1.5141
2026-08-23T17:27:00,1.5119
2026-08-23T17:28:00,1.5097
2026-08-23T17:29:00,1.5102
2026-08-23T17:30:00,1.5104
2026-08-23T17:31:00,1.5031
2026-08-23T17:32:00,1.5058
2026-08-23T17:33:00,1.5073
2026-08-23T17:34:00,1.5084
2026-08-23T17:35:00,1.512
2026-08-23T17:36:00,1.5148
2026-08-23T17:37:00,1.5113
2026-08-23T17:38:00,1.5102
2026-08-23T17:39:00,1.51
2026-08-23T17:40:00,1.5106
2026-08-23T17:41:00,1.5095
2026-08-23T17:42:00,1.5109
2026-08-23T17:43:00,1.5136
2026-08-23T17:44:00,1.512
2026-08-23T17:45:00,1.5177
2026-08-23T17:46:00,1.5115
2026-08-23T17:47:00,1.5075
2026-08-23T17:48:00,1.5072
2026-08-23T17:49:00,1.5066
2026-08-23T17:50:00,1.5044
2026-08-23T17:51:00,1.5051
2026-08-23T17:52:00,1.5068
2026-08-23T17:53:00,1.508
2026-08-23T17:54:00,1.5058
2026-08-23T17:55:00,1.5051
2026-08-23T17:56:00,1.5064
2026-08-23T17:57:00,1.5062
2026-08-23T17:58:00,1.507
2026-08-23T17:59:00,1.5044
2026-08-23T18:00:00,1.5054
2026-08-23T18:01:00,1.5042
2026-08-23T18:02:00,1.5053
2026-08-23T18:03:00,1.5071
2026-08-23T18:04:00,1.5079
2026-08-23T18:05:00,1.5073
2026-08-23T18:06:00,1.5077
2026-08-23T18:07:00,1.5046
2026-08-23T18:08:00,1.5055
2026-08-23T18:09:00,1.51
2026-08-23T18:10:00,1.5108
2026-08-23T18:11:00,1.511
2026-08-23T18:12:00,1.5161
2026-08-23T18:13:00,1.5152
2026-08-23T18:14:00,1.5139
2026-08-23T18:15:00,1.5142
2026-08-23T18:16:00,1.5117
2026-08-23T18:17:00,1.5104
2026-08-23T18:18:00,1.5101
2026-08-23T18:19:00,1.5091
2026-08-23T18:20:00,1.5084
2026-08-23T18:21:00,1.5103
2026-08-23T18:22:00,1.5051
2026-08-23T18:23:00,1.5069
2026-08-23T18:24:00,1.5057
2026-08-23T18:25:00,1.5073
2026-08-23T18:26:00,1.5081
2026-08-23T18:27:00,1.5072
2026-08-23T18:28:00,1.509
2026-08-23T18:29:00,1.5077
2026-08-23T18:30:00,1.5085
2026-08-23T18:31:00,1.5061
2026-08-23T18:32:00,1.5055
2026-08-23T18:33:00,1.5055
2026-08-23T18:34:00,1.5028
2026-08-23T18:35:00,1.5064
2026-08-23T18:36:00,1.5061
2026-08-23T18:37:00,1.5085
2026-08-23T18:38:00,1.5075
2026-08-23T18:39:00,1.5056
2026-08-23T18:40:00,1.5087
2026-08-23T18:41:00,1.5088
2026-08-23T18:42:00,1.5066
2026-08-23T18:43:00,1.5067
2026-08-23T18:44:00,1.5079
2026-08-23T18:45:00,1.5072
2026-08-23T18:46:00,1.5057
2026-08-23T18:47:00,1.5045
2026-08-23T18:48:00,1.5058
2026-08-23T18:49:00,1.506
2026-08-23T18:50:00,1.5035
2026-08-23T18:51:00,1.5045
2026-08-23T18:52:00,1.503
2026-08-23T18:53:00,1.503
2026-08-23T18:54:00,1.5045
2026-08-23T18:55:00,1.5057
2026-08-23T18:56:00,1.504
2026-08-23T18:57:00,1.5047
2026-08-23T18:58:00,1.5077
2026-08-23T18:59:00,1.5083
2026-08-23T19:00:00,1.5094
2026-08-23T19:01:00,1.5086
2026-08-23T19:02:00,1.5041
2026-08-23T19:03:00,1.5027
2026-08-23T19:04:00,1.5029
2026-08-23T19:05:00,1.5052
2026-08-23T19:06:00,1.5026
2026-08-23T19:07:00,1.5007
2026-08-23T19:08:00,1.4992
2026-08-23T19:09:00,1.4959
2026-08-23T19:10:00,1.4966
2026-08-23T19:11:00,1.4955
2026-08-23T19:12:00,1.4952
2026-08-23T19:13:00,1.4987
2026-08-23T19:14:00,1.4994
2026-08-23T19:15:00,1.4998
2026-08-23T19:16:00,1.4993
2026-08-23T19:17:00,1.4993
2026-08-23T19:18:00,1.5
2026-08-23T19:19:00,1.4992
2026-08-23T19:20:00,1.5003
2026-08-23T19:21:00,1.5037
2026-08-23T19:22:00,1.5008
2026-08-23T19:23:00,1.5021
2026-08-23T19:24:00,1.4992
2026-08-23T19:25:00,1.4995
2026-08-23T19:26:00,1.5
2026-08-23T19:27:00,1.498
2026-08-23T19:28:00,1.4976
2026-08-23T19:29:00,1.4976
2026-08-23T19:30:00,1.4968
2026-08-23T19:31:00,1.4972
